--Poblar Tabla : TIPO_USUARIO
INSERT INTO TIPO_USUARIO(id_tipo_usuario, tipo_usuario) VALUES (3,'Kipus');

--Poblar Tabla : USUARIO
INSERT INTO USUARIO ( id_tipo_usuario,nombre_completo,nombre_usuario , contrasena, telefono) VALUES (3,'Administrador Principal Kipus','kipus','kipus', 569000000);--3

 --Poblar Tabla : TIPO_SECCION_ENVOLVENTE
INSERT INTO TIPO_SECCION_ENVOLVENTE(id_tipo_seccion_envolvente,nombre_seccion_envolvente,ID_TIPO_SECCION_ENVOLVENTE_PADR) VALUES(1, 'Área Superior' ,1);
INSERT INTO TIPO_SECCION_ENVOLVENTE(id_tipo_seccion_envolvente,nombre_seccion_envolvente,ID_TIPO_SECCION_ENVOLVENTE_PADR) VALUES(2, 'Muros' ,2);
INSERT INTO TIPO_SECCION_ENVOLVENTE(id_tipo_seccion_envolvente,nombre_seccion_envolvente,ID_TIPO_SECCION_ENVOLVENTE_PADR) VALUES(3, 'Ventanas' ,3);
INSERT INTO TIPO_SECCION_ENVOLVENTE(id_tipo_seccion_envolvente,nombre_seccion_envolvente,ID_TIPO_SECCION_ENVOLVENTE_PADR) VALUES(4, 'Área de la Base' ,4);
INSERT INTO TIPO_SECCION_ENVOLVENTE(id_tipo_seccion_envolvente,nombre_seccion_envolvente,ID_TIPO_SECCION_ENVOLVENTE_PADR) VALUES(5, 'Puertas' ,5);

INSERT INTO TIPO_SECCION_ENVOLVENTE(id_tipo_seccion_envolvente,nombre_seccion_envolvente,ID_TIPO_SECCION_ENVOLVENTE_PADR) VALUES(6, 'Techo' ,1);
INSERT INTO TIPO_SECCION_ENVOLVENTE(id_tipo_seccion_envolvente,nombre_seccion_envolvente,ID_TIPO_SECCION_ENVOLVENTE_PADR) VALUES(7, 'Cúpula' ,1);
INSERT INTO TIPO_SECCION_ENVOLVENTE(id_tipo_seccion_envolvente,nombre_seccion_envolvente,ID_TIPO_SECCION_ENVOLVENTE_PADR) VALUES(8, 'Muro Norte' ,2);
INSERT INTO TIPO_SECCION_ENVOLVENTE(id_tipo_seccion_envolvente,nombre_seccion_envolvente,ID_TIPO_SECCION_ENVOLVENTE_PADR) VALUES(9, 'Muro Sur' ,2);
INSERT INTO TIPO_SECCION_ENVOLVENTE(id_tipo_seccion_envolvente,nombre_seccion_envolvente,ID_TIPO_SECCION_ENVOLVENTE_PADR) VALUES(10, 'Muro Oriente' ,2);
INSERT INTO TIPO_SECCION_ENVOLVENTE(id_tipo_seccion_envolvente,nombre_seccion_envolvente,ID_TIPO_SECCION_ENVOLVENTE_PADR) VALUES(11, 'Muro Poniente' ,2);
INSERT INTO TIPO_SECCION_ENVOLVENTE(id_tipo_seccion_envolvente,nombre_seccion_envolvente,ID_TIPO_SECCION_ENVOLVENTE_PADR) VALUES(12, 'Puertas Norte-Sur' ,5);
INSERT INTO TIPO_SECCION_ENVOLVENTE(id_tipo_seccion_envolvente,nombre_seccion_envolvente,ID_TIPO_SECCION_ENVOLVENTE_PADR) VALUES(13, 'Puertas Oriente-Poniente' ,5);
INSERT INTO TIPO_SECCION_ENVOLVENTE(id_tipo_seccion_envolvente,nombre_seccion_envolvente,ID_TIPO_SECCION_ENVOLVENTE_PADR) VALUES(14, 'Ventanas Norte' ,3);
INSERT INTO TIPO_SECCION_ENVOLVENTE(id_tipo_seccion_envolvente,nombre_seccion_envolvente,ID_TIPO_SECCION_ENVOLVENTE_PADR) VALUES(15, 'Ventanas Sur' ,3);
INSERT INTO TIPO_SECCION_ENVOLVENTE(id_tipo_seccion_envolvente,nombre_seccion_envolvente,ID_TIPO_SECCION_ENVOLVENTE_PADR) VALUES(16, 'Ventanas Oriente' ,3);
INSERT INTO TIPO_SECCION_ENVOLVENTE(id_tipo_seccion_envolvente,nombre_seccion_envolvente,ID_TIPO_SECCION_ENVOLVENTE_PADR) VALUES(17, 'Ventanas Poniente' ,3);
INSERT INTO TIPO_SECCION_ENVOLVENTE(id_tipo_seccion_envolvente,nombre_seccion_envolvente,ID_TIPO_SECCION_ENVOLVENTE_PADR) VALUES(18, 'Ventanas NO-NP' ,3);
INSERT INTO TIPO_SECCION_ENVOLVENTE(id_tipo_seccion_envolvente,nombre_seccion_envolvente,ID_TIPO_SECCION_ENVOLVENTE_PADR) VALUES(19, 'Ventanas SO-SP' ,3);
INSERT INTO TIPO_SECCION_ENVOLVENTE(id_tipo_seccion_envolvente,nombre_seccion_envolvente,ID_TIPO_SECCION_ENVOLVENTE_PADR) VALUES(20, 'Piso' ,4);
INSERT INTO TIPO_SECCION_ENVOLVENTE(id_tipo_seccion_envolvente,nombre_seccion_envolvente,ID_TIPO_SECCION_ENVOLVENTE_PADR) VALUES(21, 'Escaleras' ,4);

--Poblar Tabla : MATERIALES (relacionado con seccion envonvente)
INSERT INTO MATERIALES( nombre_material,  espesor_material, conductividad_termica,resistencia_termica, id_tipo_seccion_envolvente ) VALUES('Azulejo',0.01,1.05,0.00952380952380952,2  );
INSERT INTO MATERIALES( nombre_material,  espesor_material, conductividad_termica,resistencia_termica, id_tipo_seccion_envolvente ) VALUES('Enlucido Yeso',0.02,0.56,0.0357142857142857,2  );
INSERT INTO MATERIALES( nombre_material,  espesor_material, conductividad_termica,resistencia_termica, id_tipo_seccion_envolvente ) VALUES('Estuco aislante',0.04,0.21,0.19047619047619,2  );
INSERT INTO MATERIALES( nombre_material,  espesor_material, conductividad_termica,resistencia_termica, id_tipo_seccion_envolvente ) VALUES('Estuco cemento',0.05,1.4,0.0357142857142857,2  );
INSERT INTO MATERIALES( nombre_material,  espesor_material, conductividad_termica,resistencia_termica, id_tipo_seccion_envolvente ) VALUES('Fardo de paja',0.06,0.05,1.2,2  );
INSERT INTO MATERIALES( nombre_material,  espesor_material, conductividad_termica,resistencia_termica, id_tipo_seccion_envolvente ) VALUES('Hormigón armado',0.07,1.63,0.0429447852760736,2  );
INSERT INTO MATERIALES( nombre_material,  espesor_material, conductividad_termica,resistencia_termica, id_tipo_seccion_envolvente ) VALUES('Hormigón celular',0.08,0.13,0.615384615384615,2  );
INSERT INTO MATERIALES( nombre_material,  espesor_material, conductividad_termica,resistencia_termica, id_tipo_seccion_envolvente ) VALUES('Ladrillo princesa',0.09,0.5,0.18,2  );
INSERT INTO MATERIALES( nombre_material,  espesor_material, conductividad_termica,resistencia_termica, id_tipo_seccion_envolvente ) VALUES('Ladrillo revestimiento',0.1,0.77,0.12987012987013,2  );
INSERT INTO MATERIALES( nombre_material,  espesor_material, conductividad_termica,resistencia_termica, id_tipo_seccion_envolvente ) VALUES('Ladrillo Santiago Te 11',0.11,0.31,0.354838709677419,2  );
INSERT INTO MATERIALES( nombre_material,  espesor_material, conductividad_termica,resistencia_termica, id_tipo_seccion_envolvente ) VALUES('Ladrillo Santiago Te 9',0.12,0.37,0.324324324324324,2  );
INSERT INTO MATERIALES( nombre_material,  espesor_material, conductividad_termica,resistencia_termica, id_tipo_seccion_envolvente ) VALUES('Madera pino',0.13,0.104,1.25,2  );
INSERT INTO MATERIALES( nombre_material,  espesor_material, conductividad_termica,resistencia_termica, id_tipo_seccion_envolvente ) VALUES('Madera raulí',0.14,0.121,1.15702479338843,2  );
INSERT INTO MATERIALES( nombre_material,  espesor_material, conductividad_termica,resistencia_termica, id_tipo_seccion_envolvente ) VALUES('Madera roble',0.15,0.157,0.955414012738854,2  );
INSERT INTO MATERIALES( nombre_material,  espesor_material, conductividad_termica,resistencia_termica, id_tipo_seccion_envolvente ) VALUES('Marmol',0.16,3,0.0533333333333333,2  );
INSERT INTO MATERIALES( nombre_material,  espesor_material, conductividad_termica,resistencia_termica, id_tipo_seccion_envolvente ) VALUES('Panel Covintec',0.17,0.94,0.180851063829787,2  );
INSERT INTO MATERIALES( nombre_material,  espesor_material, conductividad_termica,resistencia_termica, id_tipo_seccion_envolvente ) VALUES('Placa poliestireno expandido y yeso cartón',0.18,0.15,1.2,2  );
INSERT INTO MATERIALES( nombre_material,  espesor_material, conductividad_termica,resistencia_termica, id_tipo_seccion_envolvente ) VALUES('Plancha fibrocemento',0.19,0.23,0.826086956521739,2  );
INSERT INTO MATERIALES( nombre_material,  espesor_material, conductividad_termica,resistencia_termica, id_tipo_seccion_envolvente ) VALUES('Plancha yeso cartón',0.2,0.26,0.769230769230769,2  );
INSERT INTO MATERIALES( nombre_material,  espesor_material, conductividad_termica,resistencia_termica, id_tipo_seccion_envolvente ) VALUES('Poliestireno entre placas OSB',0.21,0.045,4.66666666666667,2  );
INSERT INTO MATERIALES( nombre_material,  espesor_material, conductividad_termica,resistencia_termica, id_tipo_seccion_envolvente ) VALUES('Porcelanato',0.22,1.3,0.169230769230769,2  );
INSERT INTO MATERIALES( nombre_material,  espesor_material, conductividad_termica,resistencia_termica, id_tipo_seccion_envolvente ) VALUES('Tablero aglomerado (OSB)',0.23,0.13,1.76923076923077,2  );
INSERT INTO MATERIALES( nombre_material,  espesor_material, conductividad_termica,resistencia_termica, id_tipo_seccion_envolvente ) VALUES('Tablero de fibras de madera',0.24,0.28,0.857142857142857,2  );
INSERT INTO MATERIALES( nombre_material,  espesor_material, conductividad_termica,resistencia_termica, id_tipo_seccion_envolvente ) VALUES('Termopared Hormigón Exacta',0.27,0.097,2.78350515463918,2  );
INSERT INTO MATERIALES( nombre_material,  espesor_material, conductividad_termica,resistencia_termica, id_tipo_seccion_envolvente ) VALUES('Aislante térmico exterior EIFS',0.3,0.04,7.5,2  );
INSERT INTO MATERIALES( nombre_material,  espesor_material, conductividad_termica,resistencia_termica, id_tipo_seccion_envolvente ) VALUES('Fibra de Poliester',0.31,0.063,4.92063492063492,2  );
INSERT INTO MATERIALES( nombre_material,  espesor_material, conductividad_termica,resistencia_termica, id_tipo_seccion_envolvente ) VALUES('Lana Mineral/Vidrio',0.32,0.042,7.61904761904762,2  );
INSERT INTO MATERIALES( nombre_material,  espesor_material, conductividad_termica,resistencia_termica, id_tipo_seccion_envolvente ) VALUES('Perlita expandida',0.33,0.05,6.6,2  );
INSERT INTO MATERIALES( nombre_material,  espesor_material, conductividad_termica,resistencia_termica, id_tipo_seccion_envolvente ) VALUES('Poliestireno expandido 15 kg/m3',0.34,0.041,8.29268292682927,2  );
INSERT INTO MATERIALES( nombre_material,  espesor_material, conductividad_termica,resistencia_termica, id_tipo_seccion_envolvente ) VALUES('Poliestireno expandido 30 kg/m3',0.35,0.036,9.72222222222222,2  );
INSERT INTO MATERIALES( nombre_material,  espesor_material, conductividad_termica,resistencia_termica, id_tipo_seccion_envolvente ) VALUES('Poliuretano',0.36,0.027,13.3333333333333,2  );
INSERT INTO MATERIALES( nombre_material,  espesor_material, conductividad_termica,resistencia_termica, id_tipo_seccion_envolvente ) VALUES('Enlucido Yeso',0.02,0.56,0.0357142857142857,1  );
INSERT INTO MATERIALES( nombre_material,  espesor_material, conductividad_termica,resistencia_termica, id_tipo_seccion_envolvente ) VALUES('Madera pino',0.13,0.104,1.25,1  );
INSERT INTO MATERIALES( nombre_material,  espesor_material, conductividad_termica,resistencia_termica, id_tipo_seccion_envolvente ) VALUES('Madera raulí',0.14,0.121,1.15702479338843,1  );
INSERT INTO MATERIALES( nombre_material,  espesor_material, conductividad_termica,resistencia_termica, id_tipo_seccion_envolvente ) VALUES('Madera roble',0.15,0.157,0.955414012738854,1  );
INSERT INTO MATERIALES( nombre_material,  espesor_material, conductividad_termica,resistencia_termica, id_tipo_seccion_envolvente ) VALUES('Placa poliestireno expandido y yeso cartón',0.18,0.15,1.2,1  );
INSERT INTO MATERIALES( nombre_material,  espesor_material, conductividad_termica,resistencia_termica, id_tipo_seccion_envolvente ) VALUES('Plancha fibrocemento',0.19,0.23,0.826086956521739,1  );
INSERT INTO MATERIALES( nombre_material,  espesor_material, conductividad_termica,resistencia_termica, id_tipo_seccion_envolvente ) VALUES('Plancha yeso cartón',0.2,0.26,0.769230769230769,1  );
INSERT INTO MATERIALES( nombre_material,  espesor_material, conductividad_termica,resistencia_termica, id_tipo_seccion_envolvente ) VALUES('Poliestireno entre placas OSB',0.21,0.045,4.66666666666667,1  );
INSERT INTO MATERIALES( nombre_material,  espesor_material, conductividad_termica,resistencia_termica, id_tipo_seccion_envolvente ) VALUES('Tablero aglomerado (OSB)',0.23,0.13,1.76923076923077,1  );
INSERT INTO MATERIALES( nombre_material,  espesor_material, conductividad_termica,resistencia_termica, id_tipo_seccion_envolvente ) VALUES('Tablero de fibras de madera',0.24,0.28,0.857142857142857,1  );
INSERT INTO MATERIALES( nombre_material,  espesor_material, conductividad_termica,resistencia_termica, id_tipo_seccion_envolvente ) VALUES('Teja asfáltica',0.25,0.04,6.25,1  );
INSERT INTO MATERIALES( nombre_material,  espesor_material, conductividad_termica,resistencia_termica, id_tipo_seccion_envolvente ) VALUES('Teja de arcilla',0.26,0.45,0.577777777777778,1  );
INSERT INTO MATERIALES( nombre_material,  espesor_material, conductividad_termica,resistencia_termica, id_tipo_seccion_envolvente ) VALUES('Zincalum',0.28,160,0.00175,1  );
INSERT INTO MATERIALES( nombre_material,  espesor_material, conductividad_termica,resistencia_termica, id_tipo_seccion_envolvente ) VALUES('Aislante térmico exterior EIFS',0.3,0.04,7.5,1  );
INSERT INTO MATERIALES( nombre_material,  espesor_material, conductividad_termica,resistencia_termica, id_tipo_seccion_envolvente ) VALUES('Fibra de Poliester',0.31,0.063,4.92063492063492,1  );
INSERT INTO MATERIALES( nombre_material,  espesor_material, conductividad_termica,resistencia_termica, id_tipo_seccion_envolvente ) VALUES('Lana Mineral/Vidrio',0.32,0.042,7.61904761904762,1  );
INSERT INTO MATERIALES( nombre_material,  espesor_material, conductividad_termica,resistencia_termica, id_tipo_seccion_envolvente ) VALUES('Perlita expandida',0.33,0.05,6.6,1  );
INSERT INTO MATERIALES( nombre_material,  espesor_material, conductividad_termica,resistencia_termica, id_tipo_seccion_envolvente ) VALUES('Poliestireno expandido 15 kg/m3',0.34,0.041,8.29268292682927,1  );
INSERT INTO MATERIALES( nombre_material,  espesor_material, conductividad_termica,resistencia_termica, id_tipo_seccion_envolvente ) VALUES('Poliestireno expandido 30 kg/m3',0.35,0.036,9.72222222222222,1  );
INSERT INTO MATERIALES( nombre_material,  espesor_material, conductividad_termica,resistencia_termica, id_tipo_seccion_envolvente ) VALUES('Poliuretano',0.36,0.027,13.3333333333333,1  );

INSERT INTO MATERIALES( nombre_material,  espesor_material, conductividad_termica,resistencia_termica, id_tipo_seccion_envolvente ) VALUES('Alfombra',0.38,0.05,7.6,4  );
INSERT INTO MATERIALES( nombre_material,  espesor_material, conductividad_termica,resistencia_termica, id_tipo_seccion_envolvente ) VALUES('Grava',0.39,0.52,0.75,4  );
INSERT INTO MATERIALES( nombre_material,  espesor_material, conductividad_termica,resistencia_termica, id_tipo_seccion_envolvente ) VALUES('Losa Hormigón armado',0.4,1.63,0.245398773006135,4  );
INSERT INTO MATERIALES( nombre_material,  espesor_material, conductividad_termica,resistencia_termica, id_tipo_seccion_envolvente ) VALUES('Piso laminado',0,0.13,0,4  );
INSERT INTO MATERIALES( nombre_material,  espesor_material, conductividad_termica,resistencia_termica, id_tipo_seccion_envolvente ) VALUES('Piso vinílico',0,0.25,0,4  );
INSERT INTO MATERIALES( nombre_material,  espesor_material, conductividad_termica,resistencia_termica, id_tipo_seccion_envolvente ) VALUES('Porcelanato',0,1.3,0,4  );
INSERT INTO MATERIALES( nombre_material,  espesor_material, conductividad_termica,resistencia_termica, id_tipo_seccion_envolvente ) VALUES('Radier',0,1.35,0,4  );

INSERT INTO MATERIALES( nombre_material,  espesor_material, conductividad_termica,resistencia_termica,transmitancia_termica, id_tipo_seccion_envolvente ) VALUES('Ventana doble vidrio + marco Aluminio',0,1,0,3.2,3  );
INSERT INTO MATERIALES( nombre_material,  espesor_material, conductividad_termica,resistencia_termica,transmitancia_termica, id_tipo_seccion_envolvente ) VALUES('Ventana doble vidrio + marco madera',0,1,0,2.6,3  );
INSERT INTO MATERIALES( nombre_material,  espesor_material, conductividad_termica,resistencia_termica,transmitancia_termica, id_tipo_seccion_envolvente ) VALUES('Ventana doble vidrio + marco PVC',0,1,0,2.6,3  );
INSERT INTO MATERIALES( nombre_material,  espesor_material, conductividad_termica,resistencia_termica,transmitancia_termica, id_tipo_seccion_envolvente ) VALUES('Ventana vidrio simple + marco aluminio',0,1,0,5.8,3  );
INSERT INTO MATERIALES( nombre_material,  espesor_material, conductividad_termica,resistencia_termica,transmitancia_termica, id_tipo_seccion_envolvente ) VALUES('Ventana vidrio simple + marco madera',0,1,0,5.4,3  );
INSERT INTO MATERIALES( nombre_material,  espesor_material, conductividad_termica,resistencia_termica,transmitancia_termica, id_tipo_seccion_envolvente ) VALUES('Ventana vidrio simple + marco PVC',0,1,0,5.4,3  );
INSERT INTO MATERIALES( nombre_material,  espesor_material, conductividad_termica,resistencia_termica,transmitancia_termica, id_tipo_seccion_envolvente ) VALUES('Ventana doble vidrio + lowE + marco PVC',0,1,0,1.8,3  );

INSERT INTO MATERIALES( nombre_material,  espesor_material, conductividad_termica,resistencia_termica,transmitancia_termica, id_tipo_seccion_envolvente ) VALUES('Vidrio completa',0,1,0,5.8,5  );
INSERT INTO MATERIALES( nombre_material,  espesor_material, conductividad_termica,resistencia_termica,transmitancia_termica, id_tipo_seccion_envolvente ) VALUES('madera macisa + 10% vidriada',0,1,0,2.3,5  );
INSERT INTO MATERIALES( nombre_material,  espesor_material, conductividad_termica,resistencia_termica,transmitancia_termica, id_tipo_seccion_envolvente ) VALUES('madera macisa + 25% vidriada',0,1,0,2.85,5  );
INSERT INTO MATERIALES( nombre_material,  espesor_material, conductividad_termica,resistencia_termica,transmitancia_termica, id_tipo_seccion_envolvente ) VALUES('madera macisa + 50% vidriada',0,1,0,3.84,5  );
INSERT INTO MATERIALES( nombre_material,  espesor_material, conductividad_termica,resistencia_termica,transmitancia_termica, id_tipo_seccion_envolvente ) VALUES('madera macisa + 75% vidriada',0,1,0,4.82,5  );
INSERT INTO MATERIALES( nombre_material,  espesor_material, conductividad_termica,resistencia_termica,transmitancia_termica, id_tipo_seccion_envolvente ) VALUES('madera macisa completa',0,1,0,1.87,5  );
INSERT INTO MATERIALES( nombre_material,  espesor_material, conductividad_termica,resistencia_termica,transmitancia_termica, id_tipo_seccion_envolvente ) VALUES('acero+estructura madera+poliestireno expandido',0,1,0,0.97,5  );
--Actualizar Tabla : Materiales.
update MATERIALES set eliminado = false;
update MATERIALES set imagen_material = '';
--Poblar Tabla : MATERIAL-PRECIO
INSERT INTO MATERIAL_PRECIO( id_material, precio_material) VALUES(1, 100);
INSERT INTO MATERIAL_PRECIO( id_material, precio_material) VALUES(2, 100);
INSERT INTO MATERIAL_PRECIO(id_material, precio_material) VALUES(3, 100);
INSERT INTO MATERIAL_PRECIO(id_material, precio_material) VALUES(4, 100);
INSERT INTO MATERIAL_PRECIO(id_material, precio_material) VALUES(5, 100);
INSERT INTO MATERIAL_PRECIO(id_material, precio_material) VALUES(6, 100);
INSERT INTO MATERIAL_PRECIO(id_material, precio_material) VALUES(7, 100);
INSERT INTO MATERIAL_PRECIO(id_material, precio_material) VALUES(8, 100);
INSERT INTO MATERIAL_PRECIO(id_material, precio_material) VALUES(9, 100);
INSERT INTO MATERIAL_PRECIO( id_material,precio_material) VALUES(10, 100);
INSERT INTO MATERIAL_PRECIO( id_material,precio_material) VALUES(11, 100);
INSERT INTO MATERIAL_PRECIO( id_material,precio_material) VALUES(12, 100);
INSERT INTO MATERIAL_PRECIO(id_material, precio_material) VALUES(13, 100);
INSERT INTO MATERIAL_PRECIO( id_material,precio_material) VALUES(14, 100);
INSERT INTO MATERIAL_PRECIO( id_material,precio_material) VALUES(15, 100);
INSERT INTO MATERIAL_PRECIO(id_material, precio_material) VALUES(16, 100);
INSERT INTO MATERIAL_PRECIO( id_material,precio_material) VALUES(17, 100);
INSERT INTO MATERIAL_PRECIO(id_material, precio_material) VALUES(18, 100);
INSERT INTO MATERIAL_PRECIO(id_material, precio_material) VALUES(19, 100);
INSERT INTO MATERIAL_PRECIO( id_material,precio_material) VALUES(20, 100);
INSERT INTO MATERIAL_PRECIO(id_material, precio_material) VALUES(21, 100);
INSERT INTO MATERIAL_PRECIO( id_material,precio_material) VALUES(22, 100);
INSERT INTO MATERIAL_PRECIO(id_material, precio_material) VALUES(23, 100);
INSERT INTO MATERIAL_PRECIO(id_material, precio_material) VALUES(24, 100);
INSERT INTO MATERIAL_PRECIO(id_material, precio_material) VALUES(25, 100);
INSERT INTO MATERIAL_PRECIO(id_material, precio_material) VALUES(26, 100);
INSERT INTO MATERIAL_PRECIO( id_material,precio_material) VALUES(27, 100);
INSERT INTO MATERIAL_PRECIO( id_material,precio_material) VALUES(28, 100);
INSERT INTO MATERIAL_PRECIO( id_material,precio_material) VALUES(29, 100);
INSERT INTO MATERIAL_PRECIO( id_material,precio_material) VALUES(30, 100);
INSERT INTO MATERIAL_PRECIO( id_material,precio_material) VALUES(31, 100);
INSERT INTO MATERIAL_PRECIO( id_material,precio_material) VALUES(32, 100);
INSERT INTO MATERIAL_PRECIO( id_material,precio_material) VALUES(33, 100);
INSERT INTO MATERIAL_PRECIO( id_material, precio_material) VALUES(34, 100);
INSERT INTO MATERIAL_PRECIO( id_material,precio_material) VALUES(35, 100);
INSERT INTO MATERIAL_PRECIO( id_material,precio_material) VALUES(36, 100);
INSERT INTO MATERIAL_PRECIO( id_material,precio_material) VALUES(37, 100);
INSERT INTO MATERIAL_PRECIO( id_material,precio_material) VALUES(38, 100);
INSERT INTO MATERIAL_PRECIO( id_material,precio_material) VALUES(39, 100);
INSERT INTO MATERIAL_PRECIO( id_material,precio_material) VALUES(40, 100);
INSERT INTO MATERIAL_PRECIO( id_material,precio_material) VALUES(41, 100);
INSERT INTO MATERIAL_PRECIO( id_material,precio_material) VALUES(42, 100);
INSERT INTO MATERIAL_PRECIO( id_material,precio_material) VALUES(43, 100);
INSERT INTO MATERIAL_PRECIO( id_material,precio_material) VALUES(44, 100);
INSERT INTO MATERIAL_PRECIO( id_material, precio_material) VALUES(45, 100);
INSERT INTO MATERIAL_PRECIO( id_material,precio_material) VALUES(46, 100);
INSERT INTO MATERIAL_PRECIO( id_material,precio_material) VALUES(47, 100);
INSERT INTO MATERIAL_PRECIO( id_material,precio_material) VALUES(48, 100);
INSERT INTO MATERIAL_PRECIO( id_material,precio_material) VALUES(49, 100);
INSERT INTO MATERIAL_PRECIO( id_material,precio_material) VALUES(50, 100);
INSERT INTO MATERIAL_PRECIO( id_material,precio_material) VALUES(51, 100);
INSERT INTO MATERIAL_PRECIO( id_material,precio_material) VALUES(52, 100);
INSERT INTO MATERIAL_PRECIO( id_material,precio_material) VALUES(53, 100);
INSERT INTO MATERIAL_PRECIO( id_material,precio_material) VALUES(54, 100);
INSERT INTO MATERIAL_PRECIO( id_material,precio_material) VALUES(55, 100);
INSERT INTO MATERIAL_PRECIO( id_material,precio_material) VALUES(56, 100);
INSERT INTO MATERIAL_PRECIO( id_material,precio_material) VALUES(57, 100);
INSERT INTO MATERIAL_PRECIO( id_material,precio_material) VALUES(58, 100);
INSERT INTO MATERIAL_PRECIO( id_material,precio_material) VALUES(59, 100);
INSERT INTO MATERIAL_PRECIO( id_material,precio_material) VALUES(60, 100);
INSERT INTO MATERIAL_PRECIO( id_material,precio_material) VALUES(61, 100);
INSERT INTO MATERIAL_PRECIO( id_material,precio_material) VALUES(62, 100);
INSERT INTO MATERIAL_PRECIO( id_material,precio_material) VALUES(63, 100);
INSERT INTO MATERIAL_PRECIO( id_material,precio_material) VALUES(64, 100);
INSERT INTO MATERIAL_PRECIO( id_material,precio_material) VALUES(65, 100);

INSERT INTO MATERIAL_PRECIO( id_material,precio_material) VALUES(66, 100);
INSERT INTO MATERIAL_PRECIO( id_material,precio_material) VALUES(67, 100);
INSERT INTO MATERIAL_PRECIO( id_material,precio_material) VALUES(68, 100);
INSERT INTO MATERIAL_PRECIO( id_material,precio_material) VALUES(69, 100);
INSERT INTO MATERIAL_PRECIO( id_material,precio_material) VALUES(70, 100);
INSERT INTO MATERIAL_PRECIO( id_material,precio_material) VALUES(71, 100);
INSERT INTO MATERIAL_PRECIO( id_material,precio_material) VALUES(72, 100);
--POBLAR TABLA : TIPOS_CONSUMO_SESOR

INSERT INTO TIPO_CONSUMO_SENSOR(id_tipo_medicion,  nombre_tipo_medicion , DESCRIPCION_TIPO_MEDICION, unidad_medicion) VALUES('A','Agua','Sensor para medicion de Agua', 'Lts');
INSERT INTO TIPO_CONSUMO_SENSOR(id_tipo_medicion,  nombre_tipo_medicion , DESCRIPCION_TIPO_MEDICION, unidad_medicion) VALUES('C','Combustible','Sensor para medicion de Combustible', '$/kWh');
INSERT INTO TIPO_CONSUMO_SENSOR(id_tipo_medicion, nombre_tipo_medicion , DESCRIPCION_TIPO_MEDICION, unidad_medicion) VALUES('E','Electricidad','Sensor para medicion de Electricidad', 'kw/h');


--Poblar Artefacto : ARTEFACTO
--A
INSERT INTO ARTEFACTOS(nombre_artefacto,consumo_artefacto,unidad_consumo,id_medicion,precio_artefacto) VALUES('Aireador',0.52,'porcentaje','A',3590);
INSERT INTO ARTEFACTOS(nombre_artefacto,consumo_artefacto,unidad_consumo,id_medicion,precio_artefacto) VALUES('Pulsador',0.2,'porcentaje','A',21490);
INSERT INTO ARTEFACTOS(nombre_artefacto,consumo_artefacto,unidad_consumo,id_medicion,precio_artefacto) VALUES('Sensor de Movimiento',0.7,'porcentaje','A',399990);
INSERT INTO ARTEFACTOS(nombre_artefacto,consumo_artefacto,unidad_consumo,id_medicion,precio_artefacto) VALUES('Sin agua',1,'porcentaje','A',359.58);
INSERT INTO ARTEFACTOS(nombre_artefacto,consumo_artefacto,unidad_consumo,id_medicion,precio_artefacto) VALUES('Sensor infrarojo',0.5,'porcentaje','A',40000);
INSERT INTO ARTEFACTOS(nombre_artefacto,consumo_artefacto,unidad_consumo,id_medicion,precio_artefacto) VALUES('Pulsador',0.2,'porcentaje','A',26990);
INSERT INTO ARTEFACTOS(nombre_artefacto,consumo_artefacto,unidad_consumo,id_medicion,precio_artefacto) VALUES('Fluxímetro',0.2,'porcentaje','A',65990);
INSERT INTO ARTEFACTOS(nombre_artefacto,consumo_artefacto,unidad_consumo,id_medicion,precio_artefacto) VALUES('Doble descarga',0.5,'porcentaje','A',15490);
INSERT INTO ARTEFACTOS(nombre_artefacto,consumo_artefacto,unidad_consumo,id_medicion,precio_artefacto) VALUES('Aireador',0.52,'porcentaje','A',3590);
INSERT INTO ARTEFACTOS(nombre_artefacto,consumo_artefacto,unidad_consumo,id_medicion,precio_artefacto) VALUES('Jardín Seco',1,'porcentaje','A',100);
INSERT INTO ARTEFACTOS(nombre_artefacto,consumo_artefacto,unidad_consumo,id_medicion,precio_artefacto) VALUES('Reciclaje Agua grises',0.36,'porcentaje','A',28226.8);
INSERT INTO ARTEFACTOS(nombre_artefacto,consumo_artefacto,unidad_consumo,id_medicion,precio_artefacto) VALUES('timer para riego',0.2,'porcentaje','A',20000);
INSERT INTO ARTEFACTOS(nombre_artefacto,consumo_artefacto,unidad_consumo,id_medicion,precio_artefacto) VALUES('Aireador',0.5,'porcentaje','A',16.99);
INSERT INTO ARTEFACTOS(nombre_artefacto,consumo_artefacto,unidad_consumo,id_medicion,precio_artefacto) VALUES('Venturi',0.45,'porcentaje','A',100);
INSERT INTO ARTEFACTOS(nombre_artefacto,consumo_artefacto,unidad_consumo,id_medicion,precio_artefacto) VALUES('Pulsador',0.5,'porcentaje','A',55.09);
INSERT INTO ARTEFACTOS(nombre_artefacto,consumo_artefacto,unidad_consumo,id_medicion,precio_artefacto) VALUES('Colector solar',0.75,'porcentaje','A',280000);
INSERT INTO ARTEFACTOS(nombre_artefacto,consumo_artefacto,unidad_consumo,id_medicion,precio_artefacto) VALUES('Termo individual',0,'porcentaje','A',0);
INSERT INTO ARTEFACTOS(nombre_artefacto,consumo_artefacto,unidad_consumo,id_medicion,precio_artefacto) VALUES('control de temperatura de salida (válvula que mezcla agua fría-caliente)',0.25,'porcentaje','A',54);
INSERT INTO ARTEFACTOS(nombre_artefacto,consumo_artefacto,unidad_consumo,id_medicion,precio_artefacto) VALUES('inodoro corriente',600,'Litros','A',100);
INSERT INTO ARTEFACTOS(nombre_artefacto,consumo_artefacto,unidad_consumo,id_medicion,precio_artefacto) VALUES('ducha',1200,'Litros','A',100);
INSERT INTO ARTEFACTOS(nombre_artefacto,consumo_artefacto,unidad_consumo,id_medicion,precio_artefacto) VALUES('tina',1800,'Litros','A',100);
INSERT INTO ARTEFACTOS(nombre_artefacto,consumo_artefacto,unidad_consumo,id_medicion,precio_artefacto) VALUES('lavamanos',960,'Litros','A',100);
INSERT INTO ARTEFACTOS(nombre_artefacto,consumo_artefacto,unidad_consumo,id_medicion,precio_artefacto) VALUES('bidet',720,'Litros','A',100);
INSERT INTO ARTEFACTOS(nombre_artefacto,consumo_artefacto,unidad_consumo,id_medicion,precio_artefacto) VALUES('urinario corriente',360,'Litros','A',100);
INSERT INTO ARTEFACTOS(nombre_artefacto,consumo_artefacto,unidad_consumo,id_medicion,precio_artefacto) VALUES('lavaplatos',1440,'Litros','A',100);
INSERT INTO ARTEFACTOS(nombre_artefacto,consumo_artefacto,unidad_consumo,id_medicion,precio_artefacto) VALUES('lavadero',1800,'Litros','A',100);
INSERT INTO ARTEFACTOS(nombre_artefacto,consumo_artefacto,unidad_consumo,id_medicion,precio_artefacto) VALUES('lavacopas',1440,'Litros','A',100);
INSERT INTO ARTEFACTOS(nombre_artefacto,consumo_artefacto,unidad_consumo,id_medicion,precio_artefacto) VALUES('bebedero',300,'Litros','A',100);
INSERT INTO ARTEFACTOS(nombre_artefacto,consumo_artefacto,unidad_consumo,id_medicion,precio_artefacto) VALUES('salivera dentista',300,'Litros','A',100);
INSERT INTO ARTEFACTOS(nombre_artefacto,consumo_artefacto,unidad_consumo,id_medicion,precio_artefacto) VALUES('llave de riego 13mm',1200,'Litros','A',100);
INSERT INTO ARTEFACTOS(nombre_artefacto,consumo_artefacto,unidad_consumo,id_medicion,precio_artefacto) VALUES('llave de riego 19mm',3000,'Litros','A',100);
--E
INSERT INTO ARTEFACTOS(nombre_artefacto,consumo_artefacto,unidad_consumo,id_medicion, precio_artefacto) VALUES('Led Dicroico',1,'W','E',5000);
INSERT INTO ARTEFACTOS(nombre_artefacto,consumo_artefacto,unidad_consumo,id_medicion, precio_artefacto) VALUES('Led Dicroico',2,'W','E',5000);
INSERT INTO ARTEFACTOS(nombre_artefacto,consumo_artefacto,unidad_consumo,id_medicion, precio_artefacto) VALUES('Led Dicroico',3,'W','E',5000);
INSERT INTO ARTEFACTOS(nombre_artefacto,consumo_artefacto,unidad_consumo,id_medicion, precio_artefacto) VALUES('Led Dicroico',4,'W','E',5000);
INSERT INTO ARTEFACTOS(nombre_artefacto,consumo_artefacto,unidad_consumo,id_medicion, precio_artefacto) VALUES('Led Dicroico',5,'W','E',5000);
INSERT INTO ARTEFACTOS(nombre_artefacto,consumo_artefacto,unidad_consumo,id_medicion, precio_artefacto) VALUES('Led Dicroico',6,'W','E',5000);
INSERT INTO ARTEFACTOS(nombre_artefacto,consumo_artefacto,unidad_consumo,id_medicion, precio_artefacto) VALUES('Halógenos Dicroico',50,'W','E',1290);
INSERT INTO ARTEFACTOS(nombre_artefacto,consumo_artefacto,unidad_consumo,id_medicion, precio_artefacto) VALUES('Fluorescente Tritubo',15,'W','E',1390);
INSERT INTO ARTEFACTOS(nombre_artefacto,consumo_artefacto,unidad_consumo,id_medicion, precio_artefacto) VALUES('Led Ampolleta LED',60,'W','E',4500);
INSERT INTO ARTEFACTOS(nombre_artefacto,consumo_artefacto,unidad_consumo,id_medicion, precio_artefacto) VALUES('Halógenos SM Foco',50,'W','E',9990);
INSERT INTO ARTEFACTOS(nombre_artefacto,consumo_artefacto,unidad_consumo,id_medicion, precio_artefacto) VALUES('Fluorescente Tubo TL-D',36,'W','E',1131);
INSERT INTO ARTEFACTOS(nombre_artefacto,consumo_artefacto,unidad_consumo,id_medicion, precio_artefacto) VALUES('con sensores de movimiento E27',7,'W','E',14490);
INSERT INTO ARTEFACTOS(nombre_artefacto,consumo_artefacto,unidad_consumo,id_medicion, precio_artefacto) VALUES('Fluorescentes Halux Canoa ',36,'W','E',13990);
INSERT INTO ARTEFACTOS(nombre_artefacto,consumo_artefacto,unidad_consumo,id_medicion, precio_artefacto) VALUES('Halógenos Halux Reflector',24,'W','E',20490);
INSERT INTO ARTEFACTOS(nombre_artefacto,consumo_artefacto,unidad_consumo,id_medicion, precio_artefacto) VALUES('Led E27',7,'W','E',14490);
INSERT INTO ARTEFACTOS(nombre_artefacto,consumo_artefacto,unidad_consumo,id_medicion, precio_artefacto) VALUES('Proyectores led Foco',30,'W','E',20214);
INSERT INTO ARTEFACTOS(nombre_artefacto,consumo_artefacto,unidad_consumo,id_medicion, precio_artefacto) VALUES('con sensor de movimiento E27',7,'W','E',14490);
INSERT INTO ARTEFACTOS(nombre_artefacto,consumo_artefacto,unidad_consumo,id_medicion, precio_artefacto) VALUES('ampolleta de bajo consumo LED cielo',20,'W','E',25200);
--C
INSERT INTO ARTEFACTOS(nombre_artefacto,consumo_artefacto,unidad_consumo,id_medicion,precio_artefacto) VALUES('CALDERAS PELLET Karmet NIZZA',47.7383936030553,'$/kWh','C',3308000);
INSERT INTO ARTEFACTOS(nombre_artefacto,consumo_artefacto,unidad_consumo,id_medicion,precio_artefacto) VALUES('Pasqualicchio',57.7480567778894,'$/kWh','C',3185000);
INSERT INTO ARTEFACTOS(nombre_artefacto,consumo_artefacto,unidad_consumo,id_medicion,precio_artefacto) VALUES('DTH 30S',57.7480567778894,'$/kWh','C',4250000);
INSERT INTO ARTEFACTOS(nombre_artefacto,consumo_artefacto,unidad_consumo,id_medicion,precio_artefacto) VALUES('CALDERA MIX-AL',65.4947473212648,'$/kWh','C',0);
INSERT INTO ARTEFACTOS(nombre_artefacto,consumo_artefacto,unidad_consumo,id_medicion,precio_artefacto) VALUES('FOKOLUS ITALIANA "UNICAL" MODELO 30',20.2644030409817,'$/kWh','C',1128500);
INSERT INTO ARTEFACTOS(nombre_artefacto,consumo_artefacto,unidad_consumo,id_medicion,precio_artefacto) VALUES('Caldera Anwo Solitech 10',19.1386028720383,'$/kWh','C',1504173);
INSERT INTO ARTEFACTOS(nombre_artefacto,consumo_artefacto,unidad_consumo,id_medicion,precio_artefacto) VALUES('gasogen g3-40',20.2644030409817,'$/kWh','C',518139);
INSERT INTO ARTEFACTOS(nombre_artefacto,consumo_artefacto,unidad_consumo,id_medicion,precio_artefacto) VALUES('CALDERA POCKET-MIX-V',78.6815523657629,'$/kWh','C',0);
INSERT INTO ARTEFACTOS(nombre_artefacto,consumo_artefacto,unidad_consumo,id_medicion,precio_artefacto) VALUES('CALDERA MIX-AP',78.6815523657629,'$/kWh','C',0);
INSERT INTO ARTEFACTOS(nombre_artefacto,consumo_artefacto,unidad_consumo,id_medicion,precio_artefacto) VALUES('Ceraclass smart Zw24-2 LV KE',36.5497076023392,'$/kWh','C',0);
--eliminado : false
UPDATE ARTEFACTOS SET UNIDAD_CONSUMO='%' WHERE UNIDAD_CONSUMO = 'porcentaje'
UPDATE ARTEFACTOS SET ELIMINADO = FALSE;

--Poblar Tabla : 	detalle_artefactos_combustibe
INSERT INTO artefacto_combustible_completo( id_artefacto, tipo_combustible, potencia, precio, indice_inversion,  eficiencia, energia, eficiencia_distribucion_calor, valor_unitario, poder_calorifico, valor_consumo_final)  VALUES (50,'Pellets' ,28, 3308000, 118142.857142857,  0.9,28 , 0.95, 200,  4.9, 47.7383936030553);
INSERT INTO artefacto_combustible_completo( id_artefacto, tipo_combustible, potencia, precio, indice_inversion,  eficiencia, energia, eficiencia_distribucion_calor, valor_unitario, poder_calorifico, valor_consumo_final)  VALUES (51,'Pellets' ,20, 3185000, 0,  0.93,20 , 0.95, 250,  4.9, 57.7480567778894);
INSERT INTO artefacto_combustible_completo( id_artefacto, tipo_combustible, potencia, precio, indice_inversion,  eficiencia, energia, eficiencia_distribucion_calor, valor_unitario, poder_calorifico, valor_consumo_final)  VALUES (52,'Pellets' ,26, 4250000, 0,  0.93,26 , 0.95, 250,  4.9, 57.7480567778894);
INSERT INTO artefacto_combustible_completo( id_artefacto, tipo_combustible, potencia, precio, indice_inversion,  eficiencia, energia, eficiencia_distribucion_calor, valor_unitario, poder_calorifico, valor_consumo_final)  VALUES (53,'Pellets' ,116, 0, 0,  0.82,116 , 0.95, 250,  4.9, 65.4947473212648);
INSERT INTO artefacto_combustible_completo( id_artefacto, tipo_combustible, potencia, precio, indice_inversion,  eficiencia, energia, eficiencia_distribucion_calor, valor_unitario, poder_calorifico, valor_consumo_final)  VALUES (54,'Madera' ,30, 1128500, 0,  0.85,30 , 0.95, 25000,  1527.79, 20.2644030409817);
INSERT INTO artefacto_combustible_completo( id_artefacto, tipo_combustible, potencia, precio, indice_inversion,  eficiencia, energia, eficiencia_distribucion_calor, valor_unitario, poder_calorifico, valor_consumo_final)  VALUES (55,'Madera' ,27, 1504173, 0,  0.9,27 , 0.95, 25000,  1527.79, 19.1386028720383);
INSERT INTO artefacto_combustible_completo( id_artefacto, tipo_combustible, potencia, precio, indice_inversion,  eficiencia, energia, eficiencia_distribucion_calor, valor_unitario, poder_calorifico, valor_consumo_final)  VALUES (56,'Madera' ,47, 518139, 0,  0.85,47 , 0.95, 25000,  1527.79, 20.2644030409817);
INSERT INTO artefacto_combustible_completo( id_artefacto, tipo_combustible, potencia, precio, indice_inversion,  eficiencia, energia, eficiencia_distribucion_calor, valor_unitario, poder_calorifico, valor_consumo_final)  VALUES (57,'Petróleo' ,70, 0, 0,  0.9,70 , 0.95, 666,  9.9, 78.6815523657629);
INSERT INTO artefacto_combustible_completo( id_artefacto, tipo_combustible, potencia, precio, indice_inversion,  eficiencia, energia, eficiencia_distribucion_calor, valor_unitario, poder_calorifico, valor_consumo_final)  VALUES (58,'Petróleo' ,116, 0, 0,  0.9,116 , 0.95, 666,  9.9, 78.6815523657629);
INSERT INTO artefacto_combustible_completo( id_artefacto, tipo_combustible, potencia, precio, indice_inversion,  eficiencia, energia, eficiencia_distribucion_calor, valor_unitario, poder_calorifico, valor_consumo_final)  VALUES (59,'Gas' ,24, 0, 0,  0.9,12.8 , 0.95, 400,  8.72, 36.5497076023392);
INSERT INTO artefacto_combustible_completo( id_artefacto, tipo_combustible, potencia, precio, indice_inversion,  eficiencia, energia, eficiencia_distribucion_calor, valor_unitario, poder_calorifico, valor_consumo_final)  VALUES (60,'Electrica' ,31, 0, 0,  0,0 , 0, 53.497,  0, 22.2);

--Actualizar Tabla : Material_Precio
UPDATE MATERIAL_PRECIO SET UNIDAD_MATERIAL = 'Unidad.';
--Poblar Tabla : PARAMETROS_INICIAL_EDIFICIO
INSERT INTO PARAMETROS_INICIAL_EDIFICIO(id_parametro,nombre_parametro, simbolo_parametro, unidad_parametro, valor_parametro) VALUES(1,'Factor de Superficie útil',UPPER('fsu'),'-',0.85); 
INSERT INTO PARAMETROS_INICIAL_EDIFICIO(id_parametro,nombre_parametro, simbolo_parametro, unidad_parametro, valor_parametro) VALUES(2,'Factor de Volumen de Aire',UPPER('fva'),'-',0.86); 
INSERT INTO PARAMETROS_INICIAL_EDIFICIO(id_parametro,nombre_parametro, simbolo_parametro, unidad_parametro, valor_parametro) VALUES(3,'Resistencia a la Convección que tienen las Superfices Externas',UPPER('Rse'),'-',0); 
INSERT INTO PARAMETROS_INICIAL_EDIFICIO(id_parametro,nombre_parametro, simbolo_parametro, unidad_parametro, valor_parametro) VALUES(4,'Resistencia a la Convección que tienen las Superfices Internas',UPPER('Rsi'),'-',0); 
INSERT INTO PARAMETROS_INICIAL_EDIFICIO(id_parametro,nombre_parametro, simbolo_parametro, unidad_parametro, valor_parametro) VALUES(5,'RSI MUROS (SEPARACION CON EXTERIOR)',UPPER('Rsi_muros_exterior'),'',0.12); 
INSERT INTO PARAMETROS_INICIAL_EDIFICIO(id_parametro,nombre_parametro, simbolo_parametro, unidad_parametro, valor_parametro) VALUES(6,'RSE MUROS (SEPARACION CON EXTERIOR)',UPPER('Rse_muros_exterior'),'',0.5); 
INSERT INTO PARAMETROS_INICIAL_EDIFICIO(id_parametro,nombre_parametro, simbolo_parametro, unidad_parametro, valor_parametro) VALUES(7,'RSI ÁREA SUPERIOR (SEPARACION CON EXTERIOR)',UPPER('RSI_SUPERIOR_EXTERIOR'),'',0.09); 
INSERT INTO PARAMETROS_INICIAL_EDIFICIO(id_parametro,nombre_parametro, simbolo_parametro, unidad_parametro, valor_parametro) VALUES(8,'RSE ÁREA SUPERIOR (SEPARACION CON EXTERIOR)',UPPER('RSE_SUPERIOR_EXTERIOR'),'',0.05); 
INSERT INTO PARAMETROS_INICIAL_EDIFICIO(id_parametro,nombre_parametro, simbolo_parametro, unidad_parametro, valor_parametro) VALUES(9,'RSI ÁREA DE LA BASE (SEPARACION CON EXTERIOR)',UPPER('RSI_BASE_EXTERIOR'),'',0.17); 
INSERT INTO PARAMETROS_INICIAL_EDIFICIO(id_parametro,nombre_parametro, simbolo_parametro, unidad_parametro, valor_parametro) VALUES(10,'RSE ÁREA DE LA BASE (SEPARACION CON EXTERIOR)',UPPER('RSE_BASE_EXTERIOR'),'',0.05); 
INSERT INTO PARAMETROS_INICIAL_EDIFICIO(id_parametro,nombre_parametro, simbolo_parametro, unidad_parametro, valor_parametro) VALUES(11,'RSI MUROS (SEPARACIÓN CON OTRO ESPACIO NO CALEFACCIONADO)',UPPER('RSI_MUROS_SEPARACION'),'',0.12); 
INSERT INTO PARAMETROS_INICIAL_EDIFICIO(id_parametro,nombre_parametro, simbolo_parametro, unidad_parametro, valor_parametro) VALUES(12,'RSE MUROS (SEPARACIÓN CON OTRO ESPACIO NO CALEFACCIONADO)',UPPER('RSE_MUROS_SEPARACION'),'',0.12); 
INSERT INTO PARAMETROS_INICIAL_EDIFICIO(id_parametro,nombre_parametro, simbolo_parametro, unidad_parametro, valor_parametro) VALUES(13,'RSI ÁREA SUPERIOR (SEPARACIÓN CON OTRO ESPACIO NO CALEFACCIONADO)',UPPER('RSI_SUPERIOR_SEPARACION'),'',0.1); 
INSERT INTO PARAMETROS_INICIAL_EDIFICIO(id_parametro,nombre_parametro, simbolo_parametro, unidad_parametro, valor_parametro) VALUES(14,'RSE ÁREA SUPERIOR (SEPARACIÓN CON OTRO ESPACIO NO CALEFACCIONADO)',UPPER('RSE_SUPERIOR_SEPARACION'),'',0.1); 
INSERT INTO PARAMETROS_INICIAL_EDIFICIO(id_parametro,nombre_parametro, simbolo_parametro, unidad_parametro, valor_parametro) VALUES(15,'RSI ÁREA DE LA BASE (SEPARACIÓN CON OTRO ESPACIO NO CALEFACCIONADO)',UPPER('RSI_BASE_SEPARACION'),'',0.17); 
INSERT INTO PARAMETROS_INICIAL_EDIFICIO(id_parametro,nombre_parametro, simbolo_parametro, unidad_parametro, valor_parametro) VALUES(16,'RSE ÁREA DE LA BASE (SEPARACIÓN CON OTRO ESPACIO NO CALEFACCIONADO)',UPPER('RSE_BASE_SEPARACION'),'',0.17); 
INSERT INTO PARAMETROS_INICIAL_EDIFICIO(id_parametro,nombre_parametro, simbolo_parametro, unidad_parametro, valor_parametro) VALUES(17,'Porcentaje de Variacion Parcial',UPPER('Pvp'),'-',0.05); 
INSERT INTO PARAMETROS_INICIAL_EDIFICIO(id_parametro,nombre_parametro, simbolo_parametro, unidad_parametro, valor_parametro) VALUES(18,'Porcentaje de Variacion Total',UPPER('Pvt'),'-',0.1); 
INSERT INTO PARAMETROS_INICIAL_EDIFICIO(id_parametro,nombre_parametro, simbolo_parametro, unidad_parametro, valor_parametro) VALUES(19,'Factor de Corrección de Temperatura Area Superior, Muros, Ventanas',UPPER('Fe'),'-',1); 
INSERT INTO PARAMETROS_INICIAL_EDIFICIO(id_parametro,nombre_parametro, simbolo_parametro, unidad_parametro, valor_parametro) VALUES(20,'Factor de Corrección de Temperatura Area Base Piso',UPPER('fg1'),'-',0.5); 
INSERT INTO PARAMETROS_INICIAL_EDIFICIO(id_parametro,nombre_parametro, simbolo_parametro, unidad_parametro, valor_parametro) VALUES(21,'Factor de Corrección de Temperatura Area Base Escaleras',UPPER('fg2'),'-',0.5); 
INSERT INTO PARAMETROS_INICIAL_EDIFICIO(id_parametro,nombre_parametro, simbolo_parametro, unidad_parametro, valor_parametro) VALUES(22,'Factor de Corrección de Temperatura Otras Instalaciones',UPPER('fg3'),'-',0.5); 
INSERT INTO PARAMETROS_INICIAL_EDIFICIO(id_parametro,nombre_parametro, simbolo_parametro, unidad_parametro, valor_parametro) VALUES(23,'Factor de Perdida por Ventilacion',UPPER('fpv'),'-',0.34); 
INSERT INTO PARAMETROS_INICIAL_EDIFICIO(id_parametro,nombre_parametro, simbolo_parametro, unidad_parametro, valor_parametro) VALUES(24,'factor de ganancia solar en invierno ventana norte',UPPER('fgsi1'),'-',110); 
INSERT INTO PARAMETROS_INICIAL_EDIFICIO(id_parametro,nombre_parametro, simbolo_parametro, unidad_parametro, valor_parametro) VALUES(25,'factor de ganancia solar en invierno ventana no/np',UPPER('fgsi2'),'-',95.5); 
INSERT INTO PARAMETROS_INICIAL_EDIFICIO(id_parametro,nombre_parametro, simbolo_parametro, unidad_parametro, valor_parametro) VALUES(26,'factor de ganancia solar en invierno ventana poniente',UPPER('fgsi3'),'-',68.7); 
INSERT INTO PARAMETROS_INICIAL_EDIFICIO(id_parametro,nombre_parametro, simbolo_parametro, unidad_parametro, valor_parametro) VALUES(27,'factor de ganancia solar en invierno ventana sur',UPPER('fgsi4'),'-',37.3); 
INSERT INTO PARAMETROS_INICIAL_EDIFICIO(id_parametro,nombre_parametro, simbolo_parametro, unidad_parametro, valor_parametro) VALUES(28,'factor de ganancia solar en invierno ventana so/sp',UPPER('fgsi5'),'-',43.5); 
INSERT INTO PARAMETROS_INICIAL_EDIFICIO(id_parametro,nombre_parametro, simbolo_parametro, unidad_parametro, valor_parametro) VALUES(29,'factor de ganancia solar en invierno ventana oriente',UPPER('fgsi6'),'-',68.7); 
INSERT INTO PARAMETROS_INICIAL_EDIFICIO(id_parametro,nombre_parametro, simbolo_parametro, unidad_parametro, valor_parametro) VALUES(30,'factor ganancia solar en verano ventana norte',UPPER('fgsv1'),'-',109); 
INSERT INTO PARAMETROS_INICIAL_EDIFICIO(id_parametro,nombre_parametro, simbolo_parametro, unidad_parametro, valor_parametro) VALUES(31,'factor ganancia solar en verano ventana no/np',UPPER('fgsv2'),'-',144); 
INSERT INTO PARAMETROS_INICIAL_EDIFICIO(id_parametro,nombre_parametro, simbolo_parametro, unidad_parametro, valor_parametro) VALUES(32,'factor ganancia solar en verano ventana poniente',UPPER('fgsv3'),'-',157); 
INSERT INTO PARAMETROS_INICIAL_EDIFICIO(id_parametro,nombre_parametro, simbolo_parametro, unidad_parametro, valor_parametro) VALUES(33,'factor ganancia solar en verano ventana sur',UPPER('fgsv4'),'-',84); 
INSERT INTO PARAMETROS_INICIAL_EDIFICIO(id_parametro,nombre_parametro, simbolo_parametro, unidad_parametro, valor_parametro) VALUES(34,'factor ganancia solar en verano ventana so/sp',UPPER('fgsv5'),'-',127); 
INSERT INTO PARAMETROS_INICIAL_EDIFICIO(id_parametro,nombre_parametro, simbolo_parametro, unidad_parametro, valor_parametro) VALUES(35,'factor ganancia solar en verano ventana oriente',UPPER('fgsv6'),'-',157); 
INSERT INTO PARAMETROS_INICIAL_EDIFICIO(id_parametro,nombre_parametro, simbolo_parametro, unidad_parametro, valor_parametro) VALUES(36,'Fraccion Libre de Sombreamiento',UPPER('Fs'),'-',0.87); 
INSERT INTO PARAMETROS_INICIAL_EDIFICIO(id_parametro,nombre_parametro, simbolo_parametro, unidad_parametro, valor_parametro) VALUES(37,'Fraccion de la superficie de la ventana no ocupada por el marco',UPPER('fm'),'-',0.8); 
INSERT INTO PARAMETROS_INICIAL_EDIFICIO(id_parametro,nombre_parametro, simbolo_parametro, unidad_parametro, valor_parametro) VALUES(38,'Elemento de Protección Solar ubicado permanentemente sombreando la ventana',UPPER('fc'),'-',0.8); 
INSERT INTO PARAMETROS_INICIAL_EDIFICIO(id_parametro,nombre_parametro, simbolo_parametro, unidad_parametro, valor_parametro) VALUES(39,'Vidrio Monolítico Transparente',UPPER('g'),'-',0.87); 
INSERT INTO PARAMETROS_INICIAL_EDIFICIO(id_parametro,nombre_parametro, simbolo_parametro, unidad_parametro, valor_parametro) VALUES(40,'dvh transparente',UPPER('g'),'-',0.75); 
INSERT INTO PARAMETROS_INICIAL_EDIFICIO(id_parametro,nombre_parametro, simbolo_parametro, unidad_parametro, valor_parametro) VALUES(41,'Área de cada sección de ventana de envolvente según orientación',UPPER('avi'),'-',0); 
INSERT INTO PARAMETROS_INICIAL_EDIFICIO(id_parametro,nombre_parametro, simbolo_parametro, unidad_parametro, valor_parametro) VALUES(42,'Hogares y Escuelas',UPPER('qi'),'w/m2',3); 
INSERT INTO PARAMETROS_INICIAL_EDIFICIO(id_parametro,nombre_parametro, simbolo_parametro, unidad_parametro, valor_parametro) VALUES(43,'Edificios de Oficina e Industrias',UPPER('qi'),'w/m2',4); 
INSERT INTO PARAMETROS_INICIAL_EDIFICIO(id_parametro,nombre_parametro, simbolo_parametro, unidad_parametro, valor_parametro) VALUES(44,'Hospitales y hogares de Ancianos',UPPER('qi'),'w/m2',5); 
INSERT INTO PARAMETROS_INICIAL_EDIFICIO(id_parametro,nombre_parametro, simbolo_parametro, unidad_parametro, valor_parametro) VALUES(45,'Factor de Pérdida de Calor, depende del periodo de calefacción',UPPER('FPC'),'-',50); 
INSERT INTO PARAMETROS_INICIAL_EDIFICIO(id_parametro,nombre_parametro, simbolo_parametro, unidad_parametro, valor_parametro) VALUES(46,'Factor de Ganancia de Calor, depende del trasslape de las ganancias de internas y solarescon el periodo calefación',UPPER('FGC'),'-',0.5); 
INSERT INTO PARAMETROS_INICIAL_EDIFICIO(id_parametro,nombre_parametro, simbolo_parametro, unidad_parametro, valor_parametro) VALUES(47,'Factor de Pérdida de Frio depende del Aire Acondicionado',UPPER('FPF'),'-',30); 
INSERT INTO PARAMETROS_INICIAL_EDIFICIO(id_parametro,nombre_parametro, simbolo_parametro, unidad_parametro, valor_parametro) VALUES(48,'Factor de ganancia de Frío',UPPER('FGF'),'-',0.95); 
INSERT INTO PARAMETROS_INICIAL_EDIFICIO(id_parametro,nombre_parametro, simbolo_parametro, unidad_parametro, valor_parametro) VALUES(49,'Número de Cambios de Aire',UPPER('NCA'),'',0); 
--Poblar Tabla : FACTOR_DE_RENOVACION 
INSERT INTO FACTOR_DE_RENOVACION( nombre_factor, cambio_aire_minimo, cambio_aire_maximo, discriminador) VALUES( 'Albercas Techadas', 6, 14,'hr');
INSERT INTO FACTOR_DE_RENOVACION( nombre_factor, cambio_aire_minimo, cambio_aire_maximo, discriminador) VALUES( 'Área de Producción: Sin contaminantes', 5, 15,'hr');
INSERT INTO FACTOR_DE_RENOVACION( nombre_factor, cambio_aire_minimo, cambio_aire_maximo, discriminador) VALUES( 'Área de Producción: Con contaminantes, poco, una o dos veces por semana.', 6, 16,'hr');
INSERT INTO FACTOR_DE_RENOVACION( nombre_factor, cambio_aire_minimo, cambio_aire_maximo, discriminador) VALUES( 'Área de Producción: Con contaminantes, mucho, una o dos veces por semana.', 8, 19,'hr');
INSERT INTO FACTOR_DE_RENOVACION( nombre_factor, cambio_aire_minimo, cambio_aire_maximo, discriminador) VALUES( 'Área de Producción: Con contaminantes, diario, intermitente y poco.', 7, 15,'hr');
INSERT INTO FACTOR_DE_RENOVACION( nombre_factor, cambio_aire_minimo, cambio_aire_maximo, discriminador) VALUES( 'Área de Producción: Con contaminantes, diario, intermitente y mucho.', 10, 25,'hr');
INSERT INTO FACTOR_DE_RENOVACION( nombre_factor, cambio_aire_minimo, cambio_aire_maximo, discriminador) VALUES( 'Área de Producción: Con contaminantes, diario, intermitente, poco y se estanca.', 8, 18,'hr');
INSERT INTO FACTOR_DE_RENOVACION( nombre_factor, cambio_aire_minimo, cambio_aire_maximo, discriminador) VALUES( 'Área de Producción: Con contaminantes, diario, intermitente, mucho y se estanca.', 11, 28,'hr');
INSERT INTO FACTOR_DE_RENOVACION( nombre_factor, cambio_aire_minimo, cambio_aire_maximo, discriminador) VALUES( 'Área de Producción: Con contaminantes, constante y poco.', 15, 30,'hr');
INSERT INTO FACTOR_DE_RENOVACION( nombre_factor, cambio_aire_minimo, cambio_aire_maximo, discriminador) VALUES( 'Área de Producción: Con contaminantes, constante y mucho.', 18, 35,'hr');
INSERT INTO FACTOR_DE_RENOVACION( nombre_factor, cambio_aire_minimo, cambio_aire_maximo, discriminador) VALUES( 'Área de Producción: Con contaminantes, constante, poco y se estanca.', 16, 34,'hr');
INSERT INTO FACTOR_DE_RENOVACION( nombre_factor, cambio_aire_minimo, cambio_aire_maximo, discriminador) VALUES( 'Área de Producción: Con contaminantes, constante, mucho y se estanca.', 19, 49,'hr');
INSERT INTO FACTOR_DE_RENOVACION( nombre_factor, cambio_aire_minimo, cambio_aire_maximo, discriminador) VALUES( 'Almacenes para Alimentos.', 5, 15,'hr');
INSERT INTO FACTOR_DE_RENOVACION( nombre_factor, cambio_aire_minimo, cambio_aire_maximo, discriminador) VALUES( 'Almacenes para Muebles.', 3, 19,'hr');
INSERT INTO FACTOR_DE_RENOVACION( nombre_factor, cambio_aire_minimo, cambio_aire_maximo, discriminador) VALUES( 'Almacenes para Químicos.', 5, 15,'hr');
INSERT INTO FACTOR_DE_RENOVACION( nombre_factor, cambio_aire_minimo, cambio_aire_maximo, discriminador) VALUES( 'Auditorios.', 20, 25,'hr');
INSERT INTO FACTOR_DE_RENOVACION( nombre_factor, cambio_aire_minimo, cambio_aire_maximo, discriminador) VALUES( 'Bancos.', 5, 19,'hr');
INSERT INTO FACTOR_DE_RENOVACION( nombre_factor, cambio_aire_minimo, cambio_aire_maximo, discriminador) VALUES( 'Baños o Lavabos Residenciales.', 6, 14,'hr');
INSERT INTO FACTOR_DE_RENOVACION( nombre_factor, cambio_aire_minimo, cambio_aire_maximo, discriminador) VALUES( 'Baños o Lavabos Industriales.', 10, 16,'hr');
INSERT INTO FACTOR_DE_RENOVACION( nombre_factor, cambio_aire_minimo, cambio_aire_maximo, discriminador) VALUES( 'Baños o Lavabos Públicos.', 10, 16,'hr');
INSERT INTO FACTOR_DE_RENOVACION( nombre_factor, cambio_aire_minimo, cambio_aire_maximo, discriminador) VALUES( 'Bares o Tabernas.', 5, 10,'hr');
INSERT INTO FACTOR_DE_RENOVACION( nombre_factor, cambio_aire_minimo, cambio_aire_maximo, discriminador) VALUES( 'Bibliotecas.', 4, 8,'hr');
INSERT INTO FACTOR_DE_RENOVACION( nombre_factor, cambio_aire_minimo, cambio_aire_maximo, discriminador) VALUES( 'Bodegas.', 3, 10,'hr');
INSERT INTO FACTOR_DE_RENOVACION( nombre_factor, cambio_aire_minimo, cambio_aire_maximo, discriminador) VALUES( 'Bodegas con montacargas, eléctricos.', 3, 10,'hr');
INSERT INTO FACTOR_DE_RENOVACION( nombre_factor, cambio_aire_minimo, cambio_aire_maximo, discriminador) VALUES( 'Bodegas con montacargas, gas o diesel.', 5, 10,'hr');
INSERT INTO FACTOR_DE_RENOVACION( nombre_factor, cambio_aire_minimo, cambio_aire_maximo, discriminador) VALUES( 'Cafeterías.', 9, 12,'hr');
INSERT INTO FACTOR_DE_RENOVACION( nombre_factor, cambio_aire_minimo, cambio_aire_maximo, discriminador) VALUES( 'Campanas para Ácidos.', 3000, 6000,'hr');
INSERT INTO FACTOR_DE_RENOVACION( nombre_factor, cambio_aire_minimo, cambio_aire_maximo, discriminador) VALUES( 'Campanas para Cocinas Industriales o Comercios.', 2400, 3600,'hr');
INSERT INTO FACTOR_DE_RENOVACION( nombre_factor, cambio_aire_minimo, cambio_aire_maximo, discriminador) VALUES( 'Campanas para Humo Denso.', 2400, 4200,'hr');
INSERT INTO FACTOR_DE_RENOVACION( nombre_factor, cambio_aire_minimo, cambio_aire_maximo, discriminador) VALUES( 'Campanas para Humo Ligero.', 1800, 3000,'hr');
INSERT INTO FACTOR_DE_RENOVACION( nombre_factor, cambio_aire_minimo, cambio_aire_maximo, discriminador) VALUES( 'Campanas para Hornos.', 1200, 4200,'hr');
INSERT INTO FACTOR_DE_RENOVACION( nombre_factor, cambio_aire_minimo, cambio_aire_maximo, discriminador) VALUES( 'Campanas para Pintura Base Polvo.', 240, 420,'hr');
INSERT INTO FACTOR_DE_RENOVACION( nombre_factor, cambio_aire_minimo, cambio_aire_maximo, discriminador) VALUES( 'Campanas para Pintura Base Solvente.', 360, 600,'hr');
INSERT INTO FACTOR_DE_RENOVACION( nombre_factor, cambio_aire_minimo, cambio_aire_maximo, discriminador) VALUES( 'Campanas para Polvo Ligero.', 1800, 3000,'hr');
INSERT INTO FACTOR_DE_RENOVACION( nombre_factor, cambio_aire_minimo, cambio_aire_maximo, discriminador) VALUES( 'Campanas para Polvo Denso.', 2700, 4800,'hr');
INSERT INTO FACTOR_DE_RENOVACION( nombre_factor, cambio_aire_minimo, cambio_aire_maximo, discriminador) VALUES( 'Campanas para Restaurantes.', 2400, 3600,'hr');
INSERT INTO FACTOR_DE_RENOVACION( nombre_factor, cambio_aire_minimo, cambio_aire_maximo, discriminador) VALUES( 'Campanas para Vapores.', 2400, 4800,'hr');
INSERT INTO FACTOR_DE_RENOVACION( nombre_factor, cambio_aire_minimo, cambio_aire_maximo, discriminador) VALUES( 'Cantinas.', 4, 6,'hr');
INSERT INTO FACTOR_DE_RENOVACION( nombre_factor, cambio_aire_minimo, cambio_aire_maximo, discriminador) VALUES( 'Casetas de Pintura Base Polvo.', 240, 420,'hr');
INSERT INTO FACTOR_DE_RENOVACION( nombre_factor, cambio_aire_minimo, cambio_aire_maximo, discriminador) VALUES( 'Casetas de Pintura Base Solvente.', 360, 600,'hr');
INSERT INTO FACTOR_DE_RENOVACION( nombre_factor, cambio_aire_minimo, cambio_aire_maximo, discriminador) VALUES( 'Centros Comerciales.', 5, 12,'hr');
INSERT INTO FACTOR_DE_RENOVACION( nombre_factor, cambio_aire_minimo, cambio_aire_maximo, discriminador) VALUES( 'Centros Nocturnos.', 9, 14,'hr');
INSERT INTO FACTOR_DE_RENOVACION( nombre_factor, cambio_aire_minimo, cambio_aire_maximo, discriminador) VALUES( 'Cines.', 5, 9,'hr');
INSERT INTO FACTOR_DE_RENOVACION( nombre_factor, cambio_aire_minimo, cambio_aire_maximo, discriminador) VALUES( 'Clubs Privados.', 6, 8,'hr');
INSERT INTO FACTOR_DE_RENOVACION( nombre_factor, cambio_aire_minimo, cambio_aire_maximo, discriminador) VALUES( 'Clubs Privados con fumadores.', 8, 10,'hr');
INSERT INTO FACTOR_DE_RENOVACION( nombre_factor, cambio_aire_minimo, cambio_aire_maximo, discriminador) VALUES( 'Cocinas Residenciales o de Oficinas.', 5, 20,'hr');
INSERT INTO FACTOR_DE_RENOVACION( nombre_factor, cambio_aire_minimo, cambio_aire_maximo, discriminador) VALUES( 'Cocinas Industriales.', 15, 20,'hr');
INSERT INTO FACTOR_DE_RENOVACION( nombre_factor, cambio_aire_minimo, cambio_aire_maximo, discriminador) VALUES( 'Comercios.', 5, 12,'hr');
INSERT INTO FACTOR_DE_RENOVACION( nombre_factor, cambio_aire_minimo, cambio_aire_maximo, discriminador) VALUES( 'Corredores Tránsito alto.', 3, 4,'hr');
INSERT INTO FACTOR_DE_RENOVACION( nombre_factor, cambio_aire_minimo, cambio_aire_maximo, discriminador) VALUES( 'Corredores Tránsito bajo.', 2, 3,'hr');
INSERT INTO FACTOR_DE_RENOVACION( nombre_factor, cambio_aire_minimo, cambio_aire_maximo, discriminador) VALUES( 'Cuartos de Calderas.', 10, 25,'hr');
INSERT INTO FACTOR_DE_RENOVACION( nombre_factor, cambio_aire_minimo, cambio_aire_maximo, discriminador) VALUES( 'Cuartos de Computo o Computadoras.', 15, 30,'hr');
INSERT INTO FACTOR_DE_RENOVACION( nombre_factor, cambio_aire_minimo, cambio_aire_maximo, discriminador) VALUES( 'Cuartos con Equipo Electrónico.', 15, 30,'hr');
INSERT INTO FACTOR_DE_RENOVACION( nombre_factor, cambio_aire_minimo, cambio_aire_maximo, discriminador) VALUES( 'Cuartos de Mantenimiento.', 9, 22,'hr');
INSERT INTO FACTOR_DE_RENOVACION( nombre_factor, cambio_aire_minimo, cambio_aire_maximo, discriminador) VALUES( 'Cuartos de Motores.', 7, 18,'hr');
INSERT INTO FACTOR_DE_RENOVACION( nombre_factor, cambio_aire_minimo, cambio_aire_maximo, discriminador) VALUES( 'Cuartos de Transformadores.', 15, 40,'hr');
INSERT INTO FACTOR_DE_RENOVACION( nombre_factor, cambio_aire_minimo, cambio_aire_maximo, discriminador) VALUES( 'Deportivos Techados, basquetbol, volibol, frontón, squash, etc.', 10, 14,'hr');
INSERT INTO FACTOR_DE_RENOVACION( nombre_factor, cambio_aire_minimo, cambio_aire_maximo, discriminador) VALUES( 'Discotecas.', 9, 14,'hr');
INSERT INTO FACTOR_DE_RENOVACION( nombre_factor, cambio_aire_minimo, cambio_aire_maximo, discriminador) VALUES( 'Escaleras Tránsito alto.', 3, 4,'hr');
INSERT INTO FACTOR_DE_RENOVACION( nombre_factor, cambio_aire_minimo, cambio_aire_maximo, discriminador) VALUES( 'Escaleras Tránsito bajo.', 2, 3,'hr');
INSERT INTO FACTOR_DE_RENOVACION( nombre_factor, cambio_aire_minimo, cambio_aire_maximo, discriminador) VALUES( 'Escuelas (Aulas).', 5, 12,'hr');
INSERT INTO FACTOR_DE_RENOVACION( nombre_factor, cambio_aire_minimo, cambio_aire_maximo, discriminador) VALUES( 'Fábricas de Muebles.', 5, 12,'hr');
INSERT INTO FACTOR_DE_RENOVACION( nombre_factor, cambio_aire_minimo, cambio_aire_maximo, discriminador) VALUES( 'Fábricas de Vidrio.', 15, 30,'hr');
INSERT INTO FACTOR_DE_RENOVACION( nombre_factor, cambio_aire_minimo, cambio_aire_maximo, discriminador) VALUES( 'Fábricas en General.', 5, 12,'hr');
INSERT INTO FACTOR_DE_RENOVACION( nombre_factor, cambio_aire_minimo, cambio_aire_maximo, discriminador) VALUES( 'Fábricas con Gases Ligeros.', 6, 14,'hr');
INSERT INTO FACTOR_DE_RENOVACION( nombre_factor, cambio_aire_minimo, cambio_aire_maximo, discriminador) VALUES( 'Fábricas con Gases Tóxicos.', 10, 30,'hr');
INSERT INTO FACTOR_DE_RENOVACION( nombre_factor, cambio_aire_minimo, cambio_aire_maximo, discriminador) VALUES( 'Fábricas de Papel', 15, 20,'hr');
INSERT INTO FACTOR_DE_RENOVACION( nombre_factor, cambio_aire_minimo, cambio_aire_maximo, discriminador) VALUES( 'Fábricas Textiles', 15, 20,'hr');
INSERT INTO FACTOR_DE_RENOVACION( nombre_factor, cambio_aire_minimo, cambio_aire_maximo, discriminador) VALUES( 'Farmacias.', 5, 12,'hr');
INSERT INTO FACTOR_DE_RENOVACION( nombre_factor, cambio_aire_minimo, cambio_aire_maximo, discriminador) VALUES( 'Fundiciones.', 16, 30,'hr');
INSERT INTO FACTOR_DE_RENOVACION( nombre_factor, cambio_aire_minimo, cambio_aire_maximo, discriminador) VALUES( 'Garages para Autos.', 6, 15,'hr');
INSERT INTO FACTOR_DE_RENOVACION( nombre_factor, cambio_aire_minimo, cambio_aire_maximo, discriminador) VALUES( 'Gasolineras. (Obligatorio Equipo a Prueba de Explosión)', 10, 20,'hr');
INSERT INTO FACTOR_DE_RENOVACION( nombre_factor, cambio_aire_minimo, cambio_aire_maximo, discriminador) VALUES( 'Gimnasios.', 5, 12,'hr');
INSERT INTO FACTOR_DE_RENOVACION( nombre_factor, cambio_aire_minimo, cambio_aire_maximo, discriminador) VALUES( 'Guardarropas.', 6, 10,'hr');
INSERT INTO FACTOR_DE_RENOVACION( nombre_factor, cambio_aire_minimo, cambio_aire_maximo, discriminador) VALUES( 'Habitaciones Residenciales.', 1, 2,'hr');
INSERT INTO FACTOR_DE_RENOVACION( nombre_factor, cambio_aire_minimo, cambio_aire_maximo, discriminador) VALUES( 'Hospitales y Clínicas.', 5, 10,'hr');
INSERT INTO FACTOR_DE_RENOVACION( nombre_factor, cambio_aire_minimo, cambio_aire_maximo, discriminador) VALUES( 'Iglesias Techos Bajos.', 10, 20,'hr');
INSERT INTO FACTOR_DE_RENOVACION( nombre_factor, cambio_aire_minimo, cambio_aire_maximo, discriminador) VALUES( 'Iglesias o Catedrales Techos Altos.', 10, 15,'hr');
INSERT INTO FACTOR_DE_RENOVACION( nombre_factor, cambio_aire_minimo, cambio_aire_maximo, discriminador) VALUES( 'Imprentas.', 6, 15,'hr');
INSERT INTO FACTOR_DE_RENOVACION( nombre_factor, cambio_aire_minimo, cambio_aire_maximo, discriminador) VALUES( 'Industrias de Alimentos.', 5, 14,'hr');
INSERT INTO FACTOR_DE_RENOVACION( nombre_factor, cambio_aire_minimo, cambio_aire_maximo, discriminador) VALUES( 'Industrias Avícolas Ponedoras Invierno.', 0.3, 0.3,'m3/hr x Animal');
INSERT INTO FACTOR_DE_RENOVACION( nombre_factor, cambio_aire_minimo, cambio_aire_maximo, discriminador) VALUES( 'Industrias Avícolas Ponedoras Verano.', 8, 8,'m3/hr x Animal');
INSERT INTO FACTOR_DE_RENOVACION( nombre_factor, cambio_aire_minimo, cambio_aire_maximo, discriminador) VALUES( 'Industrias Avícolas Broilers Invierno.', 0.2, 0.2,'m3/hr x Animal');
INSERT INTO FACTOR_DE_RENOVACION( nombre_factor, cambio_aire_minimo, cambio_aire_maximo, discriminador) VALUES( 'Industrias Avícolas Broilers Verano.', 5, 5,'m3/hr x Animal');
INSERT INTO FACTOR_DE_RENOVACION( nombre_factor, cambio_aire_minimo, cambio_aire_maximo, discriminador) VALUES( 'Industrias Avícolas Pollitos Invierno.', 0.1, 0.1,'m3/hr x Animal');
INSERT INTO FACTOR_DE_RENOVACION( nombre_factor, cambio_aire_minimo, cambio_aire_maximo, discriminador) VALUES( 'Industrias Avícolas Pollitos Verano.', 1, 1,'m3/hr x Animal');
INSERT INTO FACTOR_DE_RENOVACION( nombre_factor, cambio_aire_minimo, cambio_aire_maximo, discriminador) VALUES( 'Industrias Con Calor Diferencial Térmico de 10ºC.', 10, 20,'hr');
INSERT INTO FACTOR_DE_RENOVACION( nombre_factor, cambio_aire_minimo, cambio_aire_maximo, discriminador) VALUES( 'Industrias Con Calor Diferencial Térmico de 20ºC.', 15, 25,'hr');
INSERT INTO FACTOR_DE_RENOVACION( nombre_factor, cambio_aire_minimo, cambio_aire_maximo, discriminador) VALUES( 'Industrias Con Calor Diferencial Térmico de 30ºC.', 20, 30,'hr');
INSERT INTO FACTOR_DE_RENOVACION( nombre_factor, cambio_aire_minimo, cambio_aire_maximo, discriminador) VALUES( 'Industrias Con Calor Diferencial Térmico de 40ºC.', 30, 60,'hr');
INSERT INTO FACTOR_DE_RENOVACION( nombre_factor, cambio_aire_minimo, cambio_aire_maximo, discriminador) VALUES( 'Industrias Con Hornos.', 30, 60,'hr');
INSERT INTO FACTOR_DE_RENOVACION( nombre_factor, cambio_aire_minimo, cambio_aire_maximo, discriminador) VALUES( 'Industrias Ganaderas Vacas de Leche Invierno.', 150, 150,'m3/hr x Animal');
INSERT INTO FACTOR_DE_RENOVACION( nombre_factor, cambio_aire_minimo, cambio_aire_maximo, discriminador) VALUES( 'Industrias Ganaderas Vacas de Leche Verano.', 300, 300,'m3/hr x Animal');
INSERT INTO FACTOR_DE_RENOVACION( nombre_factor, cambio_aire_minimo, cambio_aire_maximo, discriminador) VALUES( 'Industrias Ganaderas Reses de Carne Invierno.', 120, 120,'m3/hr x Animal');
INSERT INTO FACTOR_DE_RENOVACION( nombre_factor, cambio_aire_minimo, cambio_aire_maximo, discriminador) VALUES( 'Industrias Ganaderas Reses de Carne Verano.', 240, 240,'m3/hr x Animal');
INSERT INTO FACTOR_DE_RENOVACION( nombre_factor, cambio_aire_minimo, cambio_aire_maximo, discriminador) VALUES( 'Industrias Ganaderas Terneros de Engorde Invierno.', 50, 50,'m3/hr x Animal');
INSERT INTO FACTOR_DE_RENOVACION( nombre_factor, cambio_aire_minimo, cambio_aire_maximo, discriminador) VALUES( 'Industrias Ganaderas Terneros de Engorde Verano.', 150, 150,'m3/hr x Animal');
INSERT INTO FACTOR_DE_RENOVACION( nombre_factor, cambio_aire_minimo, cambio_aire_maximo, discriminador) VALUES( 'Industrias Ganaderas Terneros de Cría Invierno.', 30, 30,'m3/hr x Animal');
INSERT INTO FACTOR_DE_RENOVACION( nombre_factor, cambio_aire_minimo, cambio_aire_maximo, discriminador) VALUES( 'Industrias Ganaderas Terneros de Cría Verano.', 90, 90,'m3/hr x Animal');
INSERT INTO FACTOR_DE_RENOVACION( nombre_factor, cambio_aire_minimo, cambio_aire_maximo, discriminador) VALUES( 'Industrias de Plásticos.', 8, 18,'m3/hr x Animal');
INSERT INTO FACTOR_DE_RENOVACION( nombre_factor, cambio_aire_minimo, cambio_aire_maximo, discriminador) VALUES( 'Industrias Porcícolas Engorde menor a 50 kg Invierno.', 20, 20,'m3/hr x Animal');
INSERT INTO FACTOR_DE_RENOVACION( nombre_factor, cambio_aire_minimo, cambio_aire_maximo, discriminador) VALUES( 'Industrias Porcícolas Engorde menor a 50 kg Verano.', 50, 50,'m3/hr x Animal');
INSERT INTO FACTOR_DE_RENOVACION( nombre_factor, cambio_aire_minimo, cambio_aire_maximo, discriminador) VALUES( 'Industrias Porcícolas Engorde mayor a 50 kg Invierno.', 40, 40,'m3/hr x Animal');
INSERT INTO FACTOR_DE_RENOVACION( nombre_factor, cambio_aire_minimo, cambio_aire_maximo, discriminador) VALUES( 'Industrias Porcícolas Engorde mayor a 50 kg Verano.', 110, 110,'m3/hr x Animal');
INSERT INTO FACTOR_DE_RENOVACION( nombre_factor, cambio_aire_minimo, cambio_aire_maximo, discriminador) VALUES( 'Industrias Porcícolas Reproductor Invierno.', 50, 50,'m3/hr x Animal');
INSERT INTO FACTOR_DE_RENOVACION( nombre_factor, cambio_aire_minimo, cambio_aire_maximo, discriminador) VALUES( 'Industrias Porcícolas Reproductor Verano.', 150, 150,'m3/hr x Animal');
INSERT INTO FACTOR_DE_RENOVACION( nombre_factor, cambio_aire_minimo, cambio_aire_maximo, discriminador) VALUES( 'Industrias Porcícolas Cerda y Camada Invierno.', 50, 50,'m3/hr x Animal');
INSERT INTO FACTOR_DE_RENOVACION( nombre_factor, cambio_aire_minimo, cambio_aire_maximo, discriminador) VALUES( 'Industrias Porcícolas Cerda y Camada Verano.', 300, 300,'m3/hr x Animal');
INSERT INTO FACTOR_DE_RENOVACION( nombre_factor, cambio_aire_minimo, cambio_aire_maximo, discriminador) VALUES( 'Invernaderos de 14 a 18ºC.', 40, 50,'hr');
INSERT INTO FACTOR_DE_RENOVACION( nombre_factor, cambio_aire_minimo, cambio_aire_maximo, discriminador) VALUES( 'Invernaderos de 19 a 21ºC.', 44, 54,'hr');
INSERT INTO FACTOR_DE_RENOVACION( nombre_factor, cambio_aire_minimo, cambio_aire_maximo, discriminador) VALUES( 'Invernaderos de 22 a 25ºC.', 48, 58,'hr');
INSERT INTO FACTOR_DE_RENOVACION( nombre_factor, cambio_aire_minimo, cambio_aire_maximo, discriminador) VALUES( 'Invernaderos de 26 a 29ºC.', 52, 62,'hr');
INSERT INTO FACTOR_DE_RENOVACION( nombre_factor, cambio_aire_minimo, cambio_aire_maximo, discriminador) VALUES( 'Invernaderos de 30 a 33ºC.', 56, 66,'hr');
INSERT INTO FACTOR_DE_RENOVACION( nombre_factor, cambio_aire_minimo, cambio_aire_maximo, discriminador) VALUES( 'Invernaderos de 34 a 38ºC.', 60, 70,'hr');
INSERT INTO FACTOR_DE_RENOVACION( nombre_factor, cambio_aire_minimo, cambio_aire_maximo, discriminador) VALUES( 'Laboratorios.', 6, 8,'hr');
INSERT INTO FACTOR_DE_RENOVACION( nombre_factor, cambio_aire_minimo, cambio_aire_maximo, discriminador) VALUES( 'Lavanderías.', 15, 30,'hr');
INSERT INTO FACTOR_DE_RENOVACION( nombre_factor, cambio_aire_minimo, cambio_aire_maximo, discriminador) VALUES( 'Librerías.', 4, 8,'hr');
INSERT INTO FACTOR_DE_RENOVACION( nombre_factor, cambio_aire_minimo, cambio_aire_maximo, discriminador) VALUES( 'Mercados.', 6, 12,'hr');
INSERT INTO FACTOR_DE_RENOVACION( nombre_factor, cambio_aire_minimo, cambio_aire_maximo, discriminador) VALUES( 'Oficinas.', 5, 8,'hr');
INSERT INTO FACTOR_DE_RENOVACION( nombre_factor, cambio_aire_minimo, cambio_aire_maximo, discriminador) VALUES( 'Oficinas Concurridas.', 6, 9,'hr');
INSERT INTO FACTOR_DE_RENOVACION( nombre_factor, cambio_aire_minimo, cambio_aire_maximo, discriminador) VALUES( 'Panaderías.', 7, 22,'hr');
INSERT INTO FACTOR_DE_RENOVACION( nombre_factor, cambio_aire_minimo, cambio_aire_maximo, discriminador) VALUES( 'Pasillos Tránsito Alto.', 3, 4,'hr');
INSERT INTO FACTOR_DE_RENOVACION( nombre_factor, cambio_aire_minimo, cambio_aire_maximo, discriminador) VALUES( 'Pasillos Tránsito Bajo.', 2, 3,'hr');
INSERT INTO FACTOR_DE_RENOVACION( nombre_factor, cambio_aire_minimo, cambio_aire_maximo, discriminador) VALUES( 'Restaurantes de Comida Rápida.', 10, 18,'hr');
INSERT INTO FACTOR_DE_RENOVACION( nombre_factor, cambio_aire_minimo, cambio_aire_maximo, discriminador) VALUES( 'Restaurantes Sin Fumadores.', 5, 9,'hr');
INSERT INTO FACTOR_DE_RENOVACION( nombre_factor, cambio_aire_minimo, cambio_aire_maximo, discriminador) VALUES( 'Restaurantes 1/4 Fumadores.', 7, 10,'hr');
INSERT INTO FACTOR_DE_RENOVACION( nombre_factor, cambio_aire_minimo, cambio_aire_maximo, discriminador) VALUES( 'Restaurantes 1/2 Fumadores.', 8, 13,'hr');
INSERT INTO FACTOR_DE_RENOVACION( nombre_factor, cambio_aire_minimo, cambio_aire_maximo, discriminador) VALUES( 'Restaurantes 3/4 Fumadores.', 9, 14,'hr');
INSERT INTO FACTOR_DE_RENOVACION( nombre_factor, cambio_aire_minimo, cambio_aire_maximo, discriminador) VALUES( 'Restaurantes de Fumadores.', 10, 16,'hr');
INSERT INTO FACTOR_DE_RENOVACION( nombre_factor, cambio_aire_minimo, cambio_aire_maximo, discriminador) VALUES( 'Salas de Espera.', 4, 8,'hr');
INSERT INTO FACTOR_DE_RENOVACION( nombre_factor, cambio_aire_minimo, cambio_aire_maximo, discriminador) VALUES( 'Salas de Espera con Fumadores.', 6, 8,'hr');
INSERT INTO FACTOR_DE_RENOVACION( nombre_factor, cambio_aire_minimo, cambio_aire_maximo, discriminador) VALUES( 'Salas de Juego.', 12, 15,'hr');
INSERT INTO FACTOR_DE_RENOVACION( nombre_factor, cambio_aire_minimo, cambio_aire_maximo, discriminador) VALUES( 'Salas de Juntas.', 5, 8,'hr');
INSERT INTO FACTOR_DE_RENOVACION( nombre_factor, cambio_aire_minimo, cambio_aire_maximo, discriminador) VALUES( 'Salas de Juntas Fumadores.', 6, 8,'hr');
INSERT INTO FACTOR_DE_RENOVACION( nombre_factor, cambio_aire_minimo, cambio_aire_maximo, discriminador) VALUES( 'Salones de Baile Clásico.', 6, 8,'hr');
INSERT INTO FACTOR_DE_RENOVACION( nombre_factor, cambio_aire_minimo, cambio_aire_maximo, discriminador) VALUES( 'Salones de Baile Moderno.', 20, 25,'hr');
INSERT INTO FACTOR_DE_RENOVACION( nombre_factor, cambio_aire_minimo, cambio_aire_maximo, discriminador) VALUES( 'Salones de Fiesta.', 20, 25,'hr');
INSERT INTO FACTOR_DE_RENOVACION( nombre_factor, cambio_aire_minimo, cambio_aire_maximo, discriminador) VALUES( 'Sótanos.', 5, 8,'hr');
INSERT INTO FACTOR_DE_RENOVACION( nombre_factor, cambio_aire_minimo, cambio_aire_maximo, discriminador) VALUES( 'Sótanos para Autos.', 6, 10,'hr');
INSERT INTO FACTOR_DE_RENOVACION( nombre_factor, cambio_aire_minimo, cambio_aire_maximo, discriminador) VALUES( 'Sanitarios.', 8, 14,'hr');
INSERT INTO FACTOR_DE_RENOVACION( nombre_factor, cambio_aire_minimo, cambio_aire_maximo, discriminador) VALUES( 'Talleres Automotores.', 6, 15,'hr');
INSERT INTO FACTOR_DE_RENOVACION( nombre_factor, cambio_aire_minimo, cambio_aire_maximo, discriminador) VALUES( 'Talleres de Máquinas.', 5, 13,'hr');
INSERT INTO FACTOR_DE_RENOVACION( nombre_factor, cambio_aire_minimo, cambio_aire_maximo, discriminador) VALUES( 'Talleres de Pintura.', 40, 60,'hr');
INSERT INTO FACTOR_DE_RENOVACION( nombre_factor, cambio_aire_minimo, cambio_aire_maximo, discriminador) VALUES( 'Talleres de Trabajo con Madera.', 10, 15,'hr');
INSERT INTO FACTOR_DE_RENOVACION( nombre_factor, cambio_aire_minimo, cambio_aire_maximo, discriminador) VALUES( 'Teatros.', 4, 9,'hr');
INSERT INTO FACTOR_DE_RENOVACION( nombre_factor, cambio_aire_minimo, cambio_aire_maximo, discriminador) VALUES( 'Tiendas de Autoservicio.', 5, 12,'hr');
INSERT INTO FACTOR_DE_RENOVACION( nombre_factor, cambio_aire_minimo, cambio_aire_maximo, discriminador) VALUES( 'Tintorerías.', 20, 30,'hr');
INSERT INTO FACTOR_DE_RENOVACION( nombre_factor, cambio_aire_minimo, cambio_aire_maximo, discriminador) VALUES( 'Tortillerías.', 6, 20,'hr');
INSERT INTO FACTOR_DE_RENOVACION( nombre_factor, cambio_aire_minimo, cambio_aire_maximo, discriminador) VALUES( 'Vestíbulos Tránsito alto.', 3, 4,'hr');
INSERT INTO FACTOR_DE_RENOVACION( nombre_factor, cambio_aire_minimo, cambio_aire_maximo, discriminador) VALUES( 'Vestíbulos Tránsito bajo.', 2, 3,'hr');